[{
    "productId": 1,
    "productName": "Leaf Rake",
    "productCode": "GDN-0011",
    "releaseDate": "March 19, 2016",
    "description": "Leaf rake with 48-inch wooden handle.",
    "price": 599.95,
    "starRating": 3.2
  },
  {
    "productId": 2,
    "productName": "Garden Cart",
    "productCode": "GDN-0023",
    "releaseDate": "March 18, 2016",
    "description": "15 gallon capacity rolling garden cart",
    "price": 1320.99,
    "starRating": 4.2
  },
  {
    "productId": 5,
    "productName": "Hammer",
    "productCode": "TBX-0048",
    "releaseDate": "May 21, 2016",
    "description": "Curved claw steel hammer",
    "price": 150.9,
    "starRating": 3.8
  },
  {
    "productId": 8,
    "productName": "Saw",
    "productCode": "TBX-0022",
    "releaseDate": "May 21, 2016",
    "description": "15-inch steel blade hand saw",
    "price": 110.55,
    "starRating": 2.5
  },
  {
    "productId": 10,
    "productName": "Video Game Controller",
    "productCode": "GMG-0042",
    "releaseDate": "October 15, 2016",
    "description": "Xbox",
    "price": 1100.55,
    "starRating": 2.0
  }]